<keymap version="1" name="VSCode copy" parent="VSCode">
  <action id="Back">
    <keyboard-shortcut first-keystroke="ctrl minus" />
    <mouse-shortcut keystroke="button4" />
  </action>
  <action id="CollapseAllRegions">
    <keyboard-shortcut first-keystroke="meta k" second-keystroke="meta 0" />
    <keyboard-shortcut first-keystroke="shift meta minus" />
  </action>
  <action id="Forward">
    <keyboard-shortcut first-keystroke="shift ctrl minus" />
    <mouse-shortcut keystroke="button5" />
  </action>
  <action id="SelectAllOccurrences">
    <keyboard-shortcut first-keystroke="meta f2" />
    <keyboard-shortcut first-keystroke="ctrl meta g" />
    <keyboard-shortcut first-keystroke="shift meta d" />
  </action>
</keymap>